papabear,1538761342.367417,What a lovely day. Let's all go for a walk.
mamabear,1538761343.3727841,@papabear Great idea!
babybear,1538761344.372938,@papabear Great idea!
giant,1538761345.378237,FEE
hansel,1538761346.3835251,Help! Where am I?
goldilocks,1538761347.3888361,I wonder whose house this is. The door isn't locked. Might as well go on in.
goldilocks,1538761348.394398,This soup is TOO HOT!
giant,1538761349.3956249,FI
goldilocks,1538761350.396009,This soup is TOO COLD!
goldilocks,1538761351.397133,This soup is JUST RIGHT!
gretel,1538761352.4023721,@hansel are you lost again?
giant,1538761353.4040608,FO
goldilocks,1538761354.407839,This chair is TOO HARD!
troll,1538761355.40946,Grawr! Who goes there?
gruffgoat1998,1538761356.412022,Eat my brother! He's bigger.
giant,1538761357.416096,FUM
goldilocks,1538761358.421352,This chair is TOO SOFT!
hansel,1538761359.4259589,@gretel Yes and I can't find my breadcrumbs.
